{
	"BUILD_DIR" : "C:/Users/Armani/Documents/GitHub/build-PCz_Rover_Control_Panel_2023-Desktop_Qt_6_2_4_MinGW_64_bit-Release/PCz_Rover_Control_Panel_2023_autogen",
	"CMAKE_BINARY_DIR" : "C:/Users/Armani/Documents/GitHub/build-PCz_Rover_Control_Panel_2023-Desktop_Qt_6_2_4_MinGW_64_bit-Release",
	"CMAKE_CURRENT_BINARY_DIR" : "C:/Users/Armani/Documents/GitHub/build-PCz_Rover_Control_Panel_2023-Desktop_Qt_6_2_4_MinGW_64_bit-Release",
	"CMAKE_CURRENT_SOURCE_DIR" : "C:/Users/Armani/Documents/GitHub/PCz_Rover_Control_Panel_2023",
	"CMAKE_EXECUTABLE" : "C:/Qt/Tools/CMake_64/bin/cmake.exe",
	"CMAKE_LIST_FILES" : 
	[
		"C:/Users/Armani/Documents/GitHub/PCz_Rover_Control_Panel_2023/CMakeLists.txt",
		"C:/Users/Armani/Documents/GitHub/build-PCz_Rover_Control_Panel_2023-Desktop_Qt_6_2_4_MinGW_64_bit-Release/CMakeFiles/3.24.2/CMakeSystem.cmake",
		"C:/Qt/Tools/CMake_64/share/cmake-3.24/Modules/CMakeSystemSpecificInitialize.cmake",
		"C:/Users/Armani/Documents/GitHub/build-PCz_Rover_Control_Panel_2023-Desktop_Qt_6_2_4_MinGW_64_bit-Release/CMakeFiles/3.24.2/CMakeCXXCompiler.cmake",
		"C:/Qt/Tools/CMake_64/share/cmake-3.24/Modules/CMakeSystemSpecificInformation.cmake",
		"C:/Qt/Tools/CMake_64/share/cmake-3.24/Modules/CMakeGenericSystem.cmake",
		"C:/Qt/Tools/CMake_64/share/cmake-3.24/Modules/CMakeInitializeConfigs.cmake",
		"C:/Qt/Tools/CMake_64/share/cmake-3.24/Modules/Platform/Windows.cmake",
		"C:/Qt/Tools/CMake_64/share/cmake-3.24/Modules/Platform/WindowsPaths.cmake",
		"C:/Qt/Tools/CMake_64/share/cmake-3.24/Modules/CMakeCXXInformation.cmake",
		"C:/Qt/Tools/CMake_64/share/cmake-3.24/Modules/CMakeLanguageInformation.cmake",
		"C:/Qt/Tools/CMake_64/share/cmake-3.24/Modules/Compiler/GNU-CXX.cmake",
		"C:/Qt/Tools/CMake_64/share/cmake-3.24/Modules/Compiler/GNU.cmake",
		"C:/Qt/Tools/CMake_64/share/cmake-3.24/Modules/Compiler/CMakeCommonCompilerMacros.cmake",
		"C:/Qt/Tools/CMake_64/share/cmake-3.24/Modules/Platform/Windows-GNU-CXX.cmake",
		"C:/Qt/Tools/CMake_64/share/cmake-3.24/Modules/Platform/Windows-GNU.cmake",
		"C:/Users/Armani/Documents/GitHub/build-PCz_Rover_Control_Panel_2023-Desktop_Qt_6_2_4_MinGW_64_bit-Release/CMakeFiles/3.24.2/CMakeRCCompiler.cmake",
		"C:/Qt/Tools/CMake_64/share/cmake-3.24/Modules/CMakeRCInformation.cmake",
		"C:/Qt/Tools/CMake_64/share/cmake-3.24/Modules/Platform/Windows-windres.cmake",
		"C:/Qt/Tools/CMake_64/share/cmake-3.24/Modules/Platform/Windows-GNU-CXX-ABI.cmake",
		"C:/Qt/Tools/CMake_64/share/cmake-3.24/Modules/CMakeCommonLanguageInclude.cmake",
		"C:/Qt/6.2.4/mingw_64/lib/cmake/Qt6/Qt6ConfigVersion.cmake",
		"C:/Qt/6.2.4/mingw_64/lib/cmake/Qt6/Qt6ConfigVersionImpl.cmake",
		"C:/Qt/6.2.4/mingw_64/lib/cmake/Qt6/Qt6Config.cmake",
		"C:/Qt/6.2.4/mingw_64/lib/cmake/Qt6/Qt6ConfigExtras.cmake",
		"C:/Qt/6.2.4/mingw_64/lib/cmake/Qt6/QtPublicCMakeVersionHelpers.cmake",
		"C:/Qt/6.2.4/mingw_64/lib/cmake/Qt6/Qt6Targets.cmake",
		"C:/Qt/6.2.4/mingw_64/lib/cmake/Qt6/Qt6VersionlessTargets.cmake",
		"C:/Qt/6.2.4/mingw_64/lib/cmake/Qt6/QtFeature.cmake",
		"C:/Qt/6.2.4/mingw_64/lib/cmake/Qt6/QtFeatureCommon.cmake",
		"C:/Qt/Tools/CMake_64/share/cmake-3.24/Modules/CheckCXXCompilerFlag.cmake",
		"C:/Qt/Tools/CMake_64/share/cmake-3.24/Modules/CheckCXXSourceCompiles.cmake",
		"C:/Qt/Tools/CMake_64/share/cmake-3.24/Modules/Internal/CheckSourceCompiles.cmake",
		"C:/Qt/Tools/CMake_64/share/cmake-3.24/Modules/Internal/CheckCompilerFlag.cmake",
		"C:/Qt/Tools/CMake_64/share/cmake-3.24/Modules/Internal/CheckFlagCommonConfig.cmake",
		"C:/Qt/Tools/CMake_64/share/cmake-3.24/Modules/Internal/CheckSourceCompiles.cmake",
		"C:/Qt/Tools/CMake_64/share/cmake-3.24/Modules/CMakeCheckCompilerFlagCommonPatterns.cmake",
		"C:/Qt/6.2.4/mingw_64/lib/cmake/Qt6/QtPublicFinalizerHelpers.cmake",
		"C:/Qt/6.2.4/mingw_64/lib/cmake/Qt6/QtPublicPluginHelpers.cmake",
		"C:/Qt/6.2.4/mingw_64/lib/cmake/Qt6/QtPublicTargetHelpers.cmake",
		"C:/Qt/6.2.4/mingw_64/lib/cmake/Qt6/QtPublicWalkLibsHelpers.cmake",
		"C:/Qt/6.2.4/mingw_64/lib/cmake/Qt6/QtPublicFindPackageHelpers.cmake",
		"C:/Qt/6.2.4/mingw_64/lib/cmake/Qt6/QtPublicDependencyHelpers.cmake",
		"C:/Qt/6.2.4/mingw_64/lib/cmake/Qt6/QtPublicCMakeHelpers.cmake",
		"C:/Qt/Tools/CMake_64/share/cmake-3.24/Modules/CMakeFindDependencyMacro.cmake",
		"C:/Qt/6.2.4/mingw_64/lib/cmake/Qt6/Qt6Dependencies.cmake",
		"C:/Qt/Tools/CMake_64/share/cmake-3.24/Modules/FindThreads.cmake",
		"C:/Qt/Tools/CMake_64/share/cmake-3.24/Modules/CheckLibraryExists.cmake",
		"C:/Qt/Tools/CMake_64/share/cmake-3.24/Modules/CheckIncludeFileCXX.cmake",
		"C:/Qt/Tools/CMake_64/share/cmake-3.24/Modules/CheckCXXSourceCompiles.cmake",
		"C:/Qt/Tools/CMake_64/share/cmake-3.24/Modules/FindPackageHandleStandardArgs.cmake",
		"C:/Qt/Tools/CMake_64/share/cmake-3.24/Modules/FindPackageMessage.cmake",
		"C:/Qt/6.2.4/mingw_64/lib/cmake/Qt6/Qt6ConfigVersion.cmake",
		"C:/Qt/6.2.4/mingw_64/lib/cmake/Qt6/Qt6ConfigVersionImpl.cmake",
		"C:/Qt/6.2.4/mingw_64/lib/cmake/Qt6/Qt6Config.cmake",
		"C:/Qt/6.2.4/mingw_64/lib/cmake/Qt6/Qt6ConfigExtras.cmake",
		"C:/Qt/6.2.4/mingw_64/lib/cmake/Qt6/QtPublicCMakeVersionHelpers.cmake",
		"C:/Qt/6.2.4/mingw_64/lib/cmake/Qt6/Qt6Targets.cmake",
		"C:/Qt/6.2.4/mingw_64/lib/cmake/Qt6/Qt6VersionlessTargets.cmake",
		"C:/Qt/6.2.4/mingw_64/lib/cmake/Qt6/QtFeature.cmake",
		"C:/Qt/6.2.4/mingw_64/lib/cmake/Qt6/QtFeatureCommon.cmake",
		"C:/Qt/Tools/CMake_64/share/cmake-3.24/Modules/CheckCXXCompilerFlag.cmake",
		"C:/Qt/6.2.4/mingw_64/lib/cmake/Qt6/QtPublicFinalizerHelpers.cmake",
		"C:/Qt/6.2.4/mingw_64/lib/cmake/Qt6/QtPublicPluginHelpers.cmake",
		"C:/Qt/6.2.4/mingw_64/lib/cmake/Qt6/QtPublicTargetHelpers.cmake",
		"C:/Qt/6.2.4/mingw_64/lib/cmake/Qt6/QtPublicWalkLibsHelpers.cmake",
		"C:/Qt/6.2.4/mingw_64/lib/cmake/Qt6/QtPublicFindPackageHelpers.cmake",
		"C:/Qt/6.2.4/mingw_64/lib/cmake/Qt6/QtPublicDependencyHelpers.cmake",
		"C:/Qt/6.2.4/mingw_64/lib/cmake/Qt6/QtPublicCMakeHelpers.cmake",
		"C:/Qt/Tools/CMake_64/share/cmake-3.24/Modules/CMakeFindDependencyMacro.cmake",
		"C:/Qt/6.2.4/mingw_64/lib/cmake/Qt6/Qt6Dependencies.cmake",
		"C:/Qt/Tools/CMake_64/share/cmake-3.24/Modules/FindThreads.cmake",
		"C:/Qt/Tools/CMake_64/share/cmake-3.24/Modules/CheckLibraryExists.cmake",
		"C:/Qt/Tools/CMake_64/share/cmake-3.24/Modules/CheckIncludeFileCXX.cmake",
		"C:/Qt/Tools/CMake_64/share/cmake-3.24/Modules/CheckCXXSourceCompiles.cmake",
		"C:/Qt/Tools/CMake_64/share/cmake-3.24/Modules/FindPackageHandleStandardArgs.cmake",
		"C:/Qt/Tools/CMake_64/share/cmake-3.24/Modules/FindPackageMessage.cmake",
		"C:/Qt/6.2.4/mingw_64/lib/cmake/Qt6Widgets/Qt6WidgetsConfigVersion.cmake",
		"C:/Qt/6.2.4/mingw_64/lib/cmake/Qt6Widgets/Qt6WidgetsConfigVersionImpl.cmake",
		"C:/Qt/6.2.4/mingw_64/lib/cmake/Qt6Widgets/Qt6WidgetsConfig.cmake",
		"C:/Qt/Tools/CMake_64/share/cmake-3.24/Modules/CMakeFindDependencyMacro.cmake",
		"C:/Qt/6.2.4/mingw_64/lib/cmake/Qt6Widgets/Qt6WidgetsDependencies.cmake",
		"C:/Qt/6.2.4/mingw_64/lib/cmake/Qt6/Qt6ConfigVersion.cmake",
		"C:/Qt/6.2.4/mingw_64/lib/cmake/Qt6/Qt6ConfigVersionImpl.cmake",
		"C:/Qt/6.2.4/mingw_64/lib/cmake/Qt6/Qt6Config.cmake",
		"C:/Qt/6.2.4/mingw_64/lib/cmake/Qt6/Qt6ConfigExtras.cmake",
		"C:/Qt/6.2.4/mingw_64/lib/cmake/Qt6/QtPublicCMakeVersionHelpers.cmake",
		"C:/Qt/6.2.4/mingw_64/lib/cmake/Qt6/Qt6Targets.cmake",
		"C:/Qt/6.2.4/mingw_64/lib/cmake/Qt6/Qt6VersionlessTargets.cmake",
		"C:/Qt/6.2.4/mingw_64/lib/cmake/Qt6/QtFeature.cmake",
		"C:/Qt/6.2.4/mingw_64/lib/cmake/Qt6/QtFeatureCommon.cmake",
		"C:/Qt/Tools/CMake_64/share/cmake-3.24/Modules/CheckCXXCompilerFlag.cmake",
		"C:/Qt/6.2.4/mingw_64/lib/cmake/Qt6/QtPublicFinalizerHelpers.cmake",
		"C:/Qt/6.2.4/mingw_64/lib/cmake/Qt6/QtPublicPluginHelpers.cmake",
		"C:/Qt/6.2.4/mingw_64/lib/cmake/Qt6/QtPublicTargetHelpers.cmake",
		"C:/Qt/6.2.4/mingw_64/lib/cmake/Qt6/QtPublicWalkLibsHelpers.cmake",
		"C:/Qt/6.2.4/mingw_64/lib/cmake/Qt6/QtPublicFindPackageHelpers.cmake",
		"C:/Qt/6.2.4/mingw_64/lib/cmake/Qt6/QtPublicDependencyHelpers.cmake",
		"C:/Qt/6.2.4/mingw_64/lib/cmake/Qt6/QtPublicCMakeHelpers.cmake",
		"C:/Qt/Tools/CMake_64/share/cmake-3.24/Modules/CMakeFindDependencyMacro.cmake",
		"C:/Qt/6.2.4/mingw_64/lib/cmake/Qt6/Qt6Dependencies.cmake",
		"C:/Qt/Tools/CMake_64/share/cmake-3.24/Modules/FindThreads.cmake",
		"C:/Qt/Tools/CMake_64/share/cmake-3.24/Modules/CheckLibraryExists.cmake",
		"C:/Qt/Tools/CMake_64/share/cmake-3.24/Modules/CheckIncludeFileCXX.cmake",
		"C:/Qt/Tools/CMake_64/share/cmake-3.24/Modules/CheckCXXSourceCompiles.cmake",
		"C:/Qt/Tools/CMake_64/share/cmake-3.24/Modules/FindPackageHandleStandardArgs.cmake",
		"C:/Qt/Tools/CMake_64/share/cmake-3.24/Modules/FindPackageMessage.cmake",
		"C:/Qt/6.2.4/mingw_64/lib/cmake/Qt6WidgetsTools/Qt6WidgetsToolsConfigVersion.cmake",
		"C:/Qt/6.2.4/mingw_64/lib/cmake/Qt6WidgetsTools/Qt6WidgetsToolsConfigVersionImpl.cmake",
		"C:/Qt/6.2.4/mingw_64/lib/cmake/Qt6WidgetsTools/Qt6WidgetsToolsConfig.cmake",
		"C:/Qt/Tools/CMake_64/share/cmake-3.24/Modules/CMakeFindDependencyMacro.cmake",
		"C:/Qt/6.2.4/mingw_64/lib/cmake/Qt6WidgetsTools/Qt6WidgetsToolsDependencies.cmake",
		"C:/Qt/6.2.4/mingw_64/lib/cmake/Qt6CoreTools/Qt6CoreToolsConfigVersion.cmake",
		"C:/Qt/6.2.4/mingw_64/lib/cmake/Qt6CoreTools/Qt6CoreToolsConfigVersionImpl.cmake",
		"C:/Qt/6.2.4/mingw_64/lib/cmake/Qt6CoreTools/Qt6CoreToolsConfig.cmake",
		"C:/Qt/Tools/CMake_64/share/cmake-3.24/Modules/CMakeFindDependencyMacro.cmake",
		"C:/Qt/6.2.4/mingw_64/lib/cmake/Qt6CoreTools/Qt6CoreToolsDependencies.cmake",
		"C:/Qt/6.2.4/mingw_64/lib/cmake/Qt6CoreTools/Qt6CoreToolsTargets.cmake",
		"C:/Qt/6.2.4/mingw_64/lib/cmake/Qt6CoreTools/Qt6CoreToolsTargets-relwithdebinfo.cmake",
		"C:/Qt/6.2.4/mingw_64/lib/cmake/Qt6CoreTools/Qt6CoreToolsAdditionalTargetInfo.cmake",
		"C:/Qt/6.2.4/mingw_64/lib/cmake/Qt6CoreTools/Qt6CoreToolsVersionlessTargets.cmake",
		"C:/Qt/6.2.4/mingw_64/lib/cmake/Qt6GuiTools/Qt6GuiToolsConfigVersion.cmake",
		"C:/Qt/6.2.4/mingw_64/lib/cmake/Qt6GuiTools/Qt6GuiToolsConfigVersionImpl.cmake",
		"C:/Qt/6.2.4/mingw_64/lib/cmake/Qt6GuiTools/Qt6GuiToolsConfig.cmake",
		"C:/Qt/Tools/CMake_64/share/cmake-3.24/Modules/CMakeFindDependencyMacro.cmake",
		"C:/Qt/6.2.4/mingw_64/lib/cmake/Qt6GuiTools/Qt6GuiToolsDependencies.cmake",
		"C:/Qt/6.2.4/mingw_64/lib/cmake/Qt6GuiTools/Qt6GuiToolsTargets.cmake",
		"C:/Qt/6.2.4/mingw_64/lib/cmake/Qt6GuiTools/Qt6GuiToolsTargets-relwithdebinfo.cmake",
		"C:/Qt/6.2.4/mingw_64/lib/cmake/Qt6GuiTools/Qt6GuiToolsAdditionalTargetInfo.cmake",
		"C:/Qt/6.2.4/mingw_64/lib/cmake/Qt6GuiTools/Qt6GuiToolsVersionlessTargets.cmake",
		"C:/Qt/6.2.4/mingw_64/lib/cmake/Qt6WidgetsTools/Qt6WidgetsToolsTargets.cmake",
		"C:/Qt/6.2.4/mingw_64/lib/cmake/Qt6WidgetsTools/Qt6WidgetsToolsTargets-relwithdebinfo.cmake",
		"C:/Qt/6.2.4/mingw_64/lib/cmake/Qt6WidgetsTools/Qt6WidgetsToolsAdditionalTargetInfo.cmake",
		"C:/Qt/6.2.4/mingw_64/lib/cmake/Qt6WidgetsTools/Qt6WidgetsToolsVersionlessTargets.cmake",
		"C:/Qt/6.2.4/mingw_64/lib/cmake/Qt6Core/Qt6CoreConfigVersion.cmake",
		"C:/Qt/6.2.4/mingw_64/lib/cmake/Qt6Core/Qt6CoreConfigVersionImpl.cmake",
		"C:/Qt/6.2.4/mingw_64/lib/cmake/Qt6Core/Qt6CoreConfig.cmake",
		"C:/Qt/Tools/CMake_64/share/cmake-3.24/Modules/CMakeFindDependencyMacro.cmake",
		"C:/Qt/6.2.4/mingw_64/lib/cmake/Qt6Core/Qt6CoreDependencies.cmake",
		"C:/Qt/6.2.4/mingw_64/lib/cmake/Qt6/Qt6ConfigVersion.cmake",
		"C:/Qt/6.2.4/mingw_64/lib/cmake/Qt6/Qt6ConfigVersionImpl.cmake",
		"C:/Qt/6.2.4/mingw_64/lib/cmake/Qt6/Qt6Config.cmake",
		"C:/Qt/6.2.4/mingw_64/lib/cmake/Qt6/Qt6ConfigExtras.cmake",
		"C:/Qt/6.2.4/mingw_64/lib/cmake/Qt6/QtPublicCMakeVersionHelpers.cmake",
		"C:/Qt/6.2.4/mingw_64/lib/cmake/Qt6/Qt6Targets.cmake",
		"C:/Qt/6.2.4/mingw_64/lib/cmake/Qt6/Qt6VersionlessTargets.cmake",
		"C:/Qt/6.2.4/mingw_64/lib/cmake/Qt6/QtFeature.cmake",
		"C:/Qt/6.2.4/mingw_64/lib/cmake/Qt6/QtFeatureCommon.cmake",
		"C:/Qt/Tools/CMake_64/share/cmake-3.24/Modules/CheckCXXCompilerFlag.cmake",
		"C:/Qt/6.2.4/mingw_64/lib/cmake/Qt6/QtPublicFinalizerHelpers.cmake",
		"C:/Qt/6.2.4/mingw_64/lib/cmake/Qt6/QtPublicPluginHelpers.cmake",
		"C:/Qt/6.2.4/mingw_64/lib/cmake/Qt6/QtPublicTargetHelpers.cmake",
		"C:/Qt/6.2.4/mingw_64/lib/cmake/Qt6/QtPublicWalkLibsHelpers.cmake",
		"C:/Qt/6.2.4/mingw_64/lib/cmake/Qt6/QtPublicFindPackageHelpers.cmake",
		"C:/Qt/6.2.4/mingw_64/lib/cmake/Qt6/QtPublicDependencyHelpers.cmake",
		"C:/Qt/6.2.4/mingw_64/lib/cmake/Qt6/QtPublicCMakeHelpers.cmake",
		"C:/Qt/Tools/CMake_64/share/cmake-3.24/Modules/CMakeFindDependencyMacro.cmake",
		"C:/Qt/6.2.4/mingw_64/lib/cmake/Qt6/Qt6Dependencies.cmake",
		"C:/Qt/Tools/CMake_64/share/cmake-3.24/Modules/FindThreads.cmake",
		"C:/Qt/Tools/CMake_64/share/cmake-3.24/Modules/CheckLibraryExists.cmake",
		"C:/Qt/Tools/CMake_64/share/cmake-3.24/Modules/CheckIncludeFileCXX.cmake",
		"C:/Qt/Tools/CMake_64/share/cmake-3.24/Modules/CheckCXXSourceCompiles.cmake",
		"C:/Qt/Tools/CMake_64/share/cmake-3.24/Modules/FindPackageHandleStandardArgs.cmake",
		"C:/Qt/Tools/CMake_64/share/cmake-3.24/Modules/FindPackageMessage.cmake",
		"C:/Qt/6.2.4/mingw_64/lib/cmake/Qt6/FindWrapAtomic.cmake",
		"C:/Qt/Tools/CMake_64/share/cmake-3.24/Modules/CheckCXXSourceCompiles.cmake",
		"C:/Qt/Tools/CMake_64/share/cmake-3.24/Modules/FindPackageHandleStandardArgs.cmake",
		"C:/Qt/Tools/CMake_64/share/cmake-3.24/Modules/FindPackageMessage.cmake",
		"C:/Qt/6.2.4/mingw_64/lib/cmake/Qt6CoreTools/Qt6CoreToolsConfigVersion.cmake",
		"C:/Qt/6.2.4/mingw_64/lib/cmake/Qt6CoreTools/Qt6CoreToolsConfigVersionImpl.cmake",
		"C:/Qt/6.2.4/mingw_64/lib/cmake/Qt6CoreTools/Qt6CoreToolsConfig.cmake",
		"C:/Qt/Tools/CMake_64/share/cmake-3.24/Modules/CMakeFindDependencyMacro.cmake",
		"C:/Qt/6.2.4/mingw_64/lib/cmake/Qt6CoreTools/Qt6CoreToolsDependencies.cmake",
		"C:/Qt/6.2.4/mingw_64/lib/cmake/Qt6CoreTools/Qt6CoreToolsTargets.cmake",
		"C:/Qt/6.2.4/mingw_64/lib/cmake/Qt6CoreTools/Qt6CoreToolsAdditionalTargetInfo.cmake",
		"C:/Qt/6.2.4/mingw_64/lib/cmake/Qt6CoreTools/Qt6CoreToolsVersionlessTargets.cmake",
		"C:/Qt/6.2.4/mingw_64/lib/cmake/Qt6EntryPointPrivate/Qt6EntryPointPrivateConfigVersion.cmake",
		"C:/Qt/6.2.4/mingw_64/lib/cmake/Qt6EntryPointPrivate/Qt6EntryPointPrivateConfigVersionImpl.cmake",
		"C:/Qt/6.2.4/mingw_64/lib/cmake/Qt6EntryPointPrivate/Qt6EntryPointPrivateConfig.cmake",
		"C:/Qt/Tools/CMake_64/share/cmake-3.24/Modules/CMakeFindDependencyMacro.cmake",
		"C:/Qt/6.2.4/mingw_64/lib/cmake/Qt6EntryPointPrivate/Qt6EntryPointPrivateTargets.cmake",
		"C:/Qt/6.2.4/mingw_64/lib/cmake/Qt6EntryPointPrivate/Qt6EntryPointPrivateTargets-relwithdebinfo.cmake",
		"C:/Qt/6.2.4/mingw_64/lib/cmake/Qt6EntryPointPrivate/Qt6EntryPointPrivateAdditionalTargetInfo.cmake",
		"C:/Qt/6.2.4/mingw_64/lib/cmake/Qt6EntryPointPrivate/Qt6EntryPointPrivateVersionlessTargets.cmake",
		"C:/Qt/6.2.4/mingw_64/lib/cmake/Qt6EntryPointPrivate/Qt6EntryPointMinGW32Target.cmake",
		"C:/Qt/6.2.4/mingw_64/lib/cmake/Qt6Core/Qt6CoreTargets.cmake",
		"C:/Qt/6.2.4/mingw_64/lib/cmake/Qt6Core/Qt6CoreTargets-relwithdebinfo.cmake",
		"C:/Qt/6.2.4/mingw_64/lib/cmake/Qt6Core/Qt6CoreAdditionalTargetInfo.cmake",
		"C:/Qt/6.2.4/mingw_64/lib/cmake/Qt6Core/Qt6CoreVersionlessTargets.cmake",
		"C:/Qt/6.2.4/mingw_64/lib/cmake/Qt6Core/Qt6CoreMacros.cmake",
		"C:/Qt/Tools/CMake_64/share/cmake-3.24/Modules/CMakeParseArguments.cmake",
		"C:/Qt/6.2.4/mingw_64/lib/cmake/Qt6Core/Qt6CoreConfigExtras.cmake",
		"C:/Qt/6.2.4/mingw_64/lib/cmake/Qt6Gui/Qt6GuiConfigVersion.cmake",
		"C:/Qt/6.2.4/mingw_64/lib/cmake/Qt6Gui/Qt6GuiConfigVersionImpl.cmake",
		"C:/Qt/6.2.4/mingw_64/lib/cmake/Qt6Gui/Qt6GuiConfig.cmake",
		"C:/Qt/Tools/CMake_64/share/cmake-3.24/Modules/CMakeFindDependencyMacro.cmake",
		"C:/Qt/6.2.4/mingw_64/lib/cmake/Qt6Gui/Qt6GuiDependencies.cmake",
		"C:/Qt/6.2.4/mingw_64/lib/cmake/Qt6/Qt6ConfigVersion.cmake",
		"C:/Qt/6.2.4/mingw_64/lib/cmake/Qt6/Qt6ConfigVersionImpl.cmake",
		"C:/Qt/6.2.4/mingw_64/lib/cmake/Qt6/Qt6Config.cmake",
		"C:/Qt/6.2.4/mingw_64/lib/cmake/Qt6/Qt6ConfigExtras.cmake",
		"C:/Qt/6.2.4/mingw_64/lib/cmake/Qt6/QtPublicCMakeVersionHelpers.cmake",
		"C:/Qt/6.2.4/mingw_64/lib/cmake/Qt6/Qt6Targets.cmake",
		"C:/Qt/6.2.4/mingw_64/lib/cmake/Qt6/Qt6VersionlessTargets.cmake",
		"C:/Qt/6.2.4/mingw_64/lib/cmake/Qt6/QtFeature.cmake",
		"C:/Qt/6.2.4/mingw_64/lib/cmake/Qt6/QtFeatureCommon.cmake",
		"C:/Qt/Tools/CMake_64/share/cmake-3.24/Modules/CheckCXXCompilerFlag.cmake",
		"C:/Qt/6.2.4/mingw_64/lib/cmake/Qt6/QtPublicFinalizerHelpers.cmake",
		"C:/Qt/6.2.4/mingw_64/lib/cmake/Qt6/QtPublicPluginHelpers.cmake",
		"C:/Qt/6.2.4/mingw_64/lib/cmake/Qt6/QtPublicTargetHelpers.cmake",
		"C:/Qt/6.2.4/mingw_64/lib/cmake/Qt6/QtPublicWalkLibsHelpers.cmake",
		"C:/Qt/6.2.4/mingw_64/lib/cmake/Qt6/QtPublicFindPackageHelpers.cmake",
		"C:/Qt/6.2.4/mingw_64/lib/cmake/Qt6/QtPublicDependencyHelpers.cmake",
		"C:/Qt/6.2.4/mingw_64/lib/cmake/Qt6/QtPublicCMakeHelpers.cmake",
		"C:/Qt/Tools/CMake_64/share/cmake-3.24/Modules/CMakeFindDependencyMacro.cmake",
		"C:/Qt/6.2.4/mingw_64/lib/cmake/Qt6/Qt6Dependencies.cmake",
		"C:/Qt/Tools/CMake_64/share/cmake-3.24/Modules/FindThreads.cmake",
		"C:/Qt/Tools/CMake_64/share/cmake-3.24/Modules/CheckLibraryExists.cmake",
		"C:/Qt/Tools/CMake_64/share/cmake-3.24/Modules/CheckIncludeFileCXX.cmake",
		"C:/Qt/Tools/CMake_64/share/cmake-3.24/Modules/CheckCXXSourceCompiles.cmake",
		"C:/Qt/Tools/CMake_64/share/cmake-3.24/Modules/FindPackageHandleStandardArgs.cmake",
		"C:/Qt/Tools/CMake_64/share/cmake-3.24/Modules/FindPackageMessage.cmake",
		"C:/Qt/6.2.4/mingw_64/lib/cmake/Qt6/FindWrapVulkanHeaders.cmake",
		"C:/Qt/Tools/CMake_64/share/cmake-3.24/Modules/FindVulkan.cmake",
		"C:/Qt/Tools/CMake_64/share/cmake-3.24/Modules/FindPackageHandleStandardArgs.cmake",
		"C:/Qt/Tools/CMake_64/share/cmake-3.24/Modules/FindPackageMessage.cmake",
		"C:/Qt/Tools/CMake_64/share/cmake-3.24/Modules/FindPackageHandleStandardArgs.cmake",
		"C:/Qt/Tools/CMake_64/share/cmake-3.24/Modules/FindPackageMessage.cmake",
		"C:/Qt/6.2.4/mingw_64/lib/cmake/Qt6GuiTools/Qt6GuiToolsConfigVersion.cmake",
		"C:/Qt/6.2.4/mingw_64/lib/cmake/Qt6GuiTools/Qt6GuiToolsConfigVersionImpl.cmake",
		"C:/Qt/6.2.4/mingw_64/lib/cmake/Qt6GuiTools/Qt6GuiToolsConfig.cmake",
		"C:/Qt/Tools/CMake_64/share/cmake-3.24/Modules/CMakeFindDependencyMacro.cmake",
		"C:/Qt/6.2.4/mingw_64/lib/cmake/Qt6GuiTools/Qt6GuiToolsDependencies.cmake",
		"C:/Qt/6.2.4/mingw_64/lib/cmake/Qt6GuiTools/Qt6GuiToolsTargets.cmake",
		"C:/Qt/6.2.4/mingw_64/lib/cmake/Qt6GuiTools/Qt6GuiToolsAdditionalTargetInfo.cmake",
		"C:/Qt/6.2.4/mingw_64/lib/cmake/Qt6GuiTools/Qt6GuiToolsVersionlessTargets.cmake",
		"C:/Qt/6.2.4/mingw_64/lib/cmake/Qt6Gui/Qt6GuiTargets.cmake",
		"C:/Qt/6.2.4/mingw_64/lib/cmake/Qt6Gui/Qt6GuiTargets-relwithdebinfo.cmake",
		"C:/Qt/6.2.4/mingw_64/lib/cmake/Qt6Gui/Qt6GuiAdditionalTargetInfo.cmake",
		"C:/Qt/6.2.4/mingw_64/lib/cmake/Qt6Gui/Qt6GuiVersionlessTargets.cmake",
		"C:/Qt/6.2.4/mingw_64/lib/cmake/Qt6Widgets/Qt6WidgetsTargets.cmake",
		"C:/Qt/6.2.4/mingw_64/lib/cmake/Qt6Widgets/Qt6WidgetsTargets-relwithdebinfo.cmake",
		"C:/Qt/6.2.4/mingw_64/lib/cmake/Qt6Widgets/Qt6WidgetsAdditionalTargetInfo.cmake",
		"C:/Qt/6.2.4/mingw_64/lib/cmake/Qt6Widgets/Qt6WidgetsVersionlessTargets.cmake",
		"C:/Qt/6.2.4/mingw_64/lib/cmake/Qt6Widgets/Qt6WidgetsMacros.cmake",
		"C:/Qt/Tools/CMake_64/share/cmake-3.24/Modules/CMakeParseArguments.cmake",
		"C:/Qt/6.2.4/mingw_64/lib/cmake/Qt6/Qt6ConfigVersion.cmake",
		"C:/Qt/6.2.4/mingw_64/lib/cmake/Qt6/Qt6ConfigVersionImpl.cmake",
		"C:/Qt/6.2.4/mingw_64/lib/cmake/Qt6/Qt6Config.cmake",
		"C:/Qt/6.2.4/mingw_64/lib/cmake/Qt6/Qt6ConfigExtras.cmake",
		"C:/Qt/6.2.4/mingw_64/lib/cmake/Qt6/QtPublicCMakeVersionHelpers.cmake",
		"C:/Qt/6.2.4/mingw_64/lib/cmake/Qt6/Qt6Targets.cmake",
		"C:/Qt/6.2.4/mingw_64/lib/cmake/Qt6/Qt6VersionlessTargets.cmake",
		"C:/Qt/6.2.4/mingw_64/lib/cmake/Qt6/QtFeature.cmake",
		"C:/Qt/6.2.4/mingw_64/lib/cmake/Qt6/QtFeatureCommon.cmake",
		"C:/Qt/Tools/CMake_64/share/cmake-3.24/Modules/CheckCXXCompilerFlag.cmake",
		"C:/Qt/6.2.4/mingw_64/lib/cmake/Qt6/QtPublicFinalizerHelpers.cmake",
		"C:/Qt/6.2.4/mingw_64/lib/cmake/Qt6/QtPublicPluginHelpers.cmake",
		"C:/Qt/6.2.4/mingw_64/lib/cmake/Qt6/QtPublicTargetHelpers.cmake",
		"C:/Qt/6.2.4/mingw_64/lib/cmake/Qt6/QtPublicWalkLibsHelpers.cmake",
		"C:/Qt/6.2.4/mingw_64/lib/cmake/Qt6/QtPublicFindPackageHelpers.cmake",
		"C:/Qt/6.2.4/mingw_64/lib/cmake/Qt6/QtPublicDependencyHelpers.cmake",
		"C:/Qt/6.2.4/mingw_64/lib/cmake/Qt6/QtPublicCMakeHelpers.cmake",
		"C:/Qt/Tools/CMake_64/share/cmake-3.24/Modules/CMakeFindDependencyMacro.cmake",
		"C:/Qt/6.2.4/mingw_64/lib/cmake/Qt6/Qt6Dependencies.cmake",
		"C:/Qt/Tools/CMake_64/share/cmake-3.24/Modules/FindThreads.cmake",
		"C:/Qt/Tools/CMake_64/share/cmake-3.24/Modules/CheckLibraryExists.cmake",
		"C:/Qt/Tools/CMake_64/share/cmake-3.24/Modules/CheckIncludeFileCXX.cmake",
		"C:/Qt/Tools/CMake_64/share/cmake-3.24/Modules/CheckCXXSourceCompiles.cmake",
		"C:/Qt/Tools/CMake_64/share/cmake-3.24/Modules/FindPackageHandleStandardArgs.cmake",
		"C:/Qt/Tools/CMake_64/share/cmake-3.24/Modules/FindPackageMessage.cmake",
		"C:/Qt/6.2.4/mingw_64/lib/cmake/Qt6Network/Qt6NetworkConfigVersion.cmake",
		"C:/Qt/6.2.4/mingw_64/lib/cmake/Qt6Network/Qt6NetworkConfigVersionImpl.cmake",
		"C:/Qt/6.2.4/mingw_64/lib/cmake/Qt6Network/Qt6NetworkConfig.cmake",
		"C:/Qt/Tools/CMake_64/share/cmake-3.24/Modules/CMakeFindDependencyMacro.cmake",
		"C:/Qt/6.2.4/mingw_64/lib/cmake/Qt6Network/Qt6NetworkDependencies.cmake",
		"C:/Qt/6.2.4/mingw_64/lib/cmake/Qt6/Qt6ConfigVersion.cmake",
		"C:/Qt/6.2.4/mingw_64/lib/cmake/Qt6/Qt6ConfigVersionImpl.cmake",
		"C:/Qt/6.2.4/mingw_64/lib/cmake/Qt6/Qt6Config.cmake",
		"C:/Qt/6.2.4/mingw_64/lib/cmake/Qt6/Qt6ConfigExtras.cmake",
		"C:/Qt/6.2.4/mingw_64/lib/cmake/Qt6/QtPublicCMakeVersionHelpers.cmake",
		"C:/Qt/6.2.4/mingw_64/lib/cmake/Qt6/Qt6Targets.cmake",
		"C:/Qt/6.2.4/mingw_64/lib/cmake/Qt6/Qt6VersionlessTargets.cmake",
		"C:/Qt/6.2.4/mingw_64/lib/cmake/Qt6/QtFeature.cmake",
		"C:/Qt/6.2.4/mingw_64/lib/cmake/Qt6/QtFeatureCommon.cmake",
		"C:/Qt/Tools/CMake_64/share/cmake-3.24/Modules/CheckCXXCompilerFlag.cmake",
		"C:/Qt/6.2.4/mingw_64/lib/cmake/Qt6/QtPublicFinalizerHelpers.cmake",
		"C:/Qt/6.2.4/mingw_64/lib/cmake/Qt6/QtPublicPluginHelpers.cmake",
		"C:/Qt/6.2.4/mingw_64/lib/cmake/Qt6/QtPublicTargetHelpers.cmake",
		"C:/Qt/6.2.4/mingw_64/lib/cmake/Qt6/QtPublicWalkLibsHelpers.cmake",
		"C:/Qt/6.2.4/mingw_64/lib/cmake/Qt6/QtPublicFindPackageHelpers.cmake",
		"C:/Qt/6.2.4/mingw_64/lib/cmake/Qt6/QtPublicDependencyHelpers.cmake",
		"C:/Qt/6.2.4/mingw_64/lib/cmake/Qt6/QtPublicCMakeHelpers.cmake",
		"C:/Qt/Tools/CMake_64/share/cmake-3.24/Modules/CMakeFindDependencyMacro.cmake",
		"C:/Qt/6.2.4/mingw_64/lib/cmake/Qt6/Qt6Dependencies.cmake",
		"C:/Qt/Tools/CMake_64/share/cmake-3.24/Modules/FindThreads.cmake",
		"C:/Qt/Tools/CMake_64/share/cmake-3.24/Modules/CheckLibraryExists.cmake",
		"C:/Qt/Tools/CMake_64/share/cmake-3.24/Modules/CheckIncludeFileCXX.cmake",
		"C:/Qt/Tools/CMake_64/share/cmake-3.24/Modules/CheckCXXSourceCompiles.cmake",
		"C:/Qt/Tools/CMake_64/share/cmake-3.24/Modules/FindPackageHandleStandardArgs.cmake",
		"C:/Qt/Tools/CMake_64/share/cmake-3.24/Modules/FindPackageMessage.cmake",
		"C:/Qt/6.2.4/mingw_64/lib/cmake/Qt6Network/Qt6NetworkTargets.cmake",
		"C:/Qt/6.2.4/mingw_64/lib/cmake/Qt6Network/Qt6NetworkTargets-relwithdebinfo.cmake",
		"C:/Qt/6.2.4/mingw_64/lib/cmake/Qt6Network/Qt6NetworkAdditionalTargetInfo.cmake",
		"C:/Qt/6.2.4/mingw_64/lib/cmake/Qt6Network/Qt6NetworkVersionlessTargets.cmake"
	],
	"CMAKE_SOURCE_DIR" : "C:/Users/Armani/Documents/GitHub/PCz_Rover_Control_Panel_2023",
	"DEP_FILE" : "C:/Users/Armani/Documents/GitHub/build-PCz_Rover_Control_Panel_2023-Desktop_Qt_6_2_4_MinGW_64_bit-Release/PCz_Rover_Control_Panel_2023_autogen/deps",
	"DEP_FILE_RULE_NAME" : "PCz_Rover_Control_Panel_2023_autogen/timestamp",
	"HEADERS" : 
	[
		[
			"C:/Users/Armani/Documents/GitHub/PCz_Rover_Control_Panel_2023/arm.h",
			"MU",
			"EWIEGA46WW/moc_arm.cpp",
			null
		],
		[
			"C:/Users/Armani/Documents/GitHub/PCz_Rover_Control_Panel_2023/connection.h",
			"MU",
			"EWIEGA46WW/moc_connection.cpp",
			null
		],
		[
			"C:/Users/Armani/Documents/GitHub/PCz_Rover_Control_Panel_2023/drive.h",
			"MU",
			"EWIEGA46WW/moc_drive.cpp",
			null
		],
		[
			"C:/Users/Armani/Documents/GitHub/PCz_Rover_Control_Panel_2023/joystickdirectinput.h",
			"MU",
			"EWIEGA46WW/moc_joystickdirectinput.cpp",
			null
		],
		[
			"C:/Users/Armani/Documents/GitHub/PCz_Rover_Control_Panel_2023/joystickwidget.h",
			"MU",
			"EWIEGA46WW/moc_joystickwidget.cpp",
			null
		],
		[
			"C:/Users/Armani/Documents/GitHub/PCz_Rover_Control_Panel_2023/mainwindow.h",
			"MU",
			"EWIEGA46WW/moc_mainwindow.cpp",
			null
		],
		[
			"C:/Users/Armani/Documents/GitHub/PCz_Rover_Control_Panel_2023/mapmodule.h",
			"MU",
			"EWIEGA46WW/moc_mapmodule.cpp",
			null
		],
		[
			"C:/Users/Armani/Documents/GitHub/PCz_Rover_Control_Panel_2023/rover_pointer.h",
			"MU",
			"EWIEGA46WW/moc_rover_pointer.cpp",
			null
		],
		[
			"C:/Users/Armani/Documents/GitHub/PCz_Rover_Control_Panel_2023/science.h",
			"MU",
			"EWIEGA46WW/moc_science.cpp",
			null
		],
		[
			"C:/Users/Armani/Documents/GitHub/PCz_Rover_Control_Panel_2023/structures.h",
			"MU",
			"EWIEGA46WW/moc_structures.cpp",
			null
		]
	],
	"HEADER_EXTENSIONS" : [ "h", "hh", "h++", "hm", "hpp", "hxx", "in", "txx" ],
	"INCLUDE_DIR" : "C:/Users/Armani/Documents/GitHub/build-PCz_Rover_Control_Panel_2023-Desktop_Qt_6_2_4_MinGW_64_bit-Release/PCz_Rover_Control_Panel_2023_autogen/include",
	"MOC_COMPILATION_FILE" : "C:/Users/Armani/Documents/GitHub/build-PCz_Rover_Control_Panel_2023-Desktop_Qt_6_2_4_MinGW_64_bit-Release/PCz_Rover_Control_Panel_2023_autogen/mocs_compilation.cpp",
	"MOC_DEFINITIONS" : 
	[
		"MINGW_HAS_SECURE_API=1",
		"QT_CORE_LIB",
		"QT_GUI_LIB",
		"QT_NEEDS_QMAIN",
		"QT_NETWORK_LIB",
		"QT_NO_DEBUG",
		"QT_WIDGETS_LIB",
		"UNICODE",
		"WIN32",
		"WIN64",
		"_ENABLE_EXTENDED_ALIGNED_STORAGE",
		"_UNICODE",
		"_WIN64"
	],
	"MOC_DEPEND_FILTERS" : 
	[
		[
			"Q_PLUGIN_METADATA",
			"[\n][ \t]*Q_PLUGIN_METADATA[ \t]*\\([^\\)]*FILE[ \t]*\"([^\"]+)\""
		]
	],
	"MOC_INCLUDES" : 
	[
		"C:/Qt/6.2.4/mingw_64/include/QtCore",
		"C:/Qt/6.2.4/mingw_64/include",
		"C:/Qt/6.2.4/mingw_64/mkspecs/win32-g++",
		"C:/Qt/6.2.4/mingw_64/include/QtWidgets",
		"C:/Qt/6.2.4/mingw_64/include/QtGui",
		"C:/Qt/6.2.4/mingw_64/include/QtNetwork",
		"C:/Qt/Tools/mingw1120_64/lib/gcc/x86_64-w64-mingw32/11.2.0/include/c++",
		"C:/Qt/Tools/mingw1120_64/lib/gcc/x86_64-w64-mingw32/11.2.0/include/c++/x86_64-w64-mingw32",
		"C:/Qt/Tools/mingw1120_64/lib/gcc/x86_64-w64-mingw32/11.2.0/include/c++/backward",
		"C:/Qt/Tools/mingw1120_64/lib/gcc/x86_64-w64-mingw32/11.2.0/include",
		"C:/Qt/Tools/mingw1120_64/lib/gcc/x86_64-w64-mingw32/11.2.0/include-fixed",
		"C:/Qt/Tools/mingw1120_64/x86_64-w64-mingw32/include"
	],
	"MOC_MACRO_NAMES" : [ "Q_OBJECT", "Q_GADGET", "Q_NAMESPACE", "Q_NAMESPACE_EXPORT" ],
	"MOC_OPTIONS" : [],
	"MOC_PATH_PREFIX" : false,
	"MOC_PREDEFS_CMD" : 
	[
		"C:/Qt/Tools/mingw1120_64/bin/g++.exe",
		"-dM",
		"-E",
		"-c",
		"C:/Qt/Tools/CMake_64/share/cmake-3.24/Modules/CMakeCXXCompilerABI.cpp"
	],
	"MOC_PREDEFS_FILE" : "C:/Users/Armani/Documents/GitHub/build-PCz_Rover_Control_Panel_2023-Desktop_Qt_6_2_4_MinGW_64_bit-Release/PCz_Rover_Control_Panel_2023_autogen/moc_predefs.h",
	"MOC_RELAXED_MODE" : false,
	"MOC_SKIP" : [],
	"MULTI_CONFIG" : false,
	"PARALLEL" : 4,
	"PARSE_CACHE_FILE" : "C:/Users/Armani/Documents/GitHub/build-PCz_Rover_Control_Panel_2023-Desktop_Qt_6_2_4_MinGW_64_bit-Release/CMakeFiles/PCz_Rover_Control_Panel_2023_autogen.dir/ParseCache.txt",
	"QT_MOC_EXECUTABLE" : "C:/Qt/6.2.4/mingw_64/./bin/moc.exe",
	"QT_UIC_EXECUTABLE" : "C:/Qt/6.2.4/mingw_64/./bin/uic.exe",
	"QT_VERSION_MAJOR" : 6,
	"QT_VERSION_MINOR" : 2,
	"SETTINGS_FILE" : "C:/Users/Armani/Documents/GitHub/build-PCz_Rover_Control_Panel_2023-Desktop_Qt_6_2_4_MinGW_64_bit-Release/CMakeFiles/PCz_Rover_Control_Panel_2023_autogen.dir/AutogenUsed.txt",
	"SOURCES" : 
	[
		[
			"C:/Users/Armani/Documents/GitHub/PCz_Rover_Control_Panel_2023/GPSList.cpp",
			"MU",
			null
		],
		[
			"C:/Users/Armani/Documents/GitHub/PCz_Rover_Control_Panel_2023/arm.cpp",
			"MU",
			null
		],
		[
			"C:/Users/Armani/Documents/GitHub/PCz_Rover_Control_Panel_2023/connection.cpp",
			"MU",
			null
		],
		[
			"C:/Users/Armani/Documents/GitHub/PCz_Rover_Control_Panel_2023/drive.cpp",
			"MU",
			null
		],
		[
			"C:/Users/Armani/Documents/GitHub/PCz_Rover_Control_Panel_2023/joystickdirectinput.cpp",
			"MU",
			null
		],
		[
			"C:/Users/Armani/Documents/GitHub/PCz_Rover_Control_Panel_2023/joystickwidget.cpp",
			"MU",
			null
		],
		[
			"C:/Users/Armani/Documents/GitHub/PCz_Rover_Control_Panel_2023/main.cpp",
			"MU",
			null
		],
		[
			"C:/Users/Armani/Documents/GitHub/PCz_Rover_Control_Panel_2023/mainwindow.cpp",
			"MU",
			null
		],
		[
			"C:/Users/Armani/Documents/GitHub/PCz_Rover_Control_Panel_2023/mapmodule.cpp",
			"MU",
			null
		],
		[
			"C:/Users/Armani/Documents/GitHub/PCz_Rover_Control_Panel_2023/rover_pointer.cpp",
			"MU",
			null
		],
		[
			"C:/Users/Armani/Documents/GitHub/PCz_Rover_Control_Panel_2023/science.cpp",
			"MU",
			null
		]
	],
	"UIC_OPTIONS" : [],
	"UIC_SEARCH_PATHS" : [],
	"UIC_SKIP" : [],
	"UIC_UI_FILES" : [],
	"VERBOSITY" : 0
}
